tier,latency_s,cdf
1,2.58,0.0027472527472527475
1,2.89,0.005494505494505495
1,3.13,0.008241758241758242
1,3.2,0.01098901098901099
1,3.22,0.013736263736263736
1,3.36,0.016483516483516484
1,3.39,0.019230769230769232
1,3.69,0.02197802197802198
1,3.69,0.024725274725274724
1,3.73,0.027472527472527472
1,3.94,0.03021978021978022
1,4.19,0.03296703296703297
1,4.33,0.03571428571428571
1,4.36,0.038461538461538464
1,4.45,0.04120879120879121
1,4.59,0.04395604395604396
1,4.66,0.046703296703296704
1,4.78,0.04945054945054945
1,4.9,0.0521978021978022
1,4.99,0.054945054945054944
1,5.0,0.057692307692307696
1,5.09,0.06043956043956044
1,5.09,0.06318681318681318
1,5.16,0.06593406593406594
1,5.18,0.06868131868131869
1,5.23,0.07142857142857142
1,5.23,0.07417582417582418
1,5.29,0.07692307692307693
1,5.37,0.07967032967032966
1,5.38,0.08241758241758242
1,5.59,0.08516483516483517
1,5.62,0.08791208791208792
1,5.68,0.09065934065934066
1,5.89,0.09340659340659341
1,5.92,0.09615384615384616
1,6.16,0.0989010989010989
1,6.2,0.10164835164835165
1,6.27,0.1043956043956044
1,6.32,0.10714285714285714
1,6.37,0.10989010989010989
1,6.37,0.11263736263736264
1,6.42,0.11538461538461539
1,6.44,0.11813186813186813
1,6.56,0.12087912087912088
1,6.65,0.12362637362637363
1,6.68,0.12637362637362637
1,6.7,0.12912087912087913
1,6.74,0.13186813186813187
1,6.82,0.1346153846153846
1,6.93,0.13736263736263737
1,6.95,0.1401098901098901
1,6.99,0.14285714285714285
1,7.19,0.14560439560439561
1,7.21,0.14835164835164835
1,7.22,0.1510989010989011
1,7.24,0.15384615384615385
1,7.35,0.1565934065934066
1,7.41,0.15934065934065933
1,7.44,0.1620879120879121
1,7.57,0.16483516483516483
1,7.6,0.16758241758241757
1,7.63,0.17032967032967034
1,7.67,0.17307692307692307
1,7.71,0.17582417582417584
1,7.73,0.17857142857142858
1,7.79,0.1813186813186813
1,7.8,0.18406593406593408
1,7.83,0.18681318681318682
1,7.9,0.18956043956043955
1,7.98,0.19230769230769232
1,8.04,0.19505494505494506
1,8.09,0.1978021978021978
1,8.1,0.20054945054945056
1,8.16,0.2032967032967033
1,8.17,0.20604395604395603
1,8.33,0.2087912087912088
1,8.39,0.21153846153846154
1,8.41,0.21428571428571427
1,8.49,0.21703296703296704
1,8.52,0.21978021978021978
1,8.54,0.22252747252747251
1,8.8,0.22527472527472528
1,8.8,0.22802197802197802
1,8.81,0.23076923076923078
1,8.96,0.23351648351648352
1,9.04,0.23626373626373626
1,9.05,0.23901098901098902
1,9.09,0.24175824175824176
1,9.13,0.2445054945054945
1,9.39,0.24725274725274726
1,9.47,0.25
1,9.51,0.25274725274725274
1,9.58,0.2554945054945055
1,9.71,0.25824175824175827
1,9.76,0.260989010989011
1,10.06,0.26373626373626374
1,10.08,0.2664835164835165
1,10.08,0.2692307692307692
1,10.1,0.27197802197802196
1,10.17,0.27472527472527475
1,10.18,0.2774725274725275
1,10.23,0.2802197802197802
1,10.27,0.28296703296703296
1,10.34,0.2857142857142857
1,10.35,0.28846153846153844
1,10.36,0.29120879120879123
1,10.41,0.29395604395604397
1,10.45,0.2967032967032967
1,10.63,0.29945054945054944
1,10.82,0.3021978021978022
1,10.85,0.30494505494505497
1,10.86,0.3076923076923077
1,10.88,0.31043956043956045
1,10.9,0.3131868131868132
1,11.01,0.3159340659340659
1,11.01,0.31868131868131866
1,11.23,0.32142857142857145
1,11.25,0.3241758241758242
1,11.46,0.3269230769230769
1,11.54,0.32967032967032966
1,11.77,0.3324175824175824
1,11.78,0.33516483516483514
1,11.79,0.33791208791208793
1,11.8,0.34065934065934067
1,11.84,0.3434065934065934
1,11.85,0.34615384615384615
1,11.89,0.3489010989010989
1,12.13,0.3516483516483517
1,12.16,0.3543956043956044
1,12.33,0.35714285714285715
1,12.39,0.3598901098901099
1,12.5,0.3626373626373626
1,12.7,0.36538461538461536
1,12.75,0.36813186813186816
1,12.82,0.3708791208791209
1,12.83,0.37362637362637363
1,13.0,0.37637362637362637
1,13.1,0.3791208791208791
1,13.33,0.38186813186813184
1,13.51,0.38461538461538464
1,13.54,0.3873626373626374
1,13.61,0.3901098901098901
1,13.62,0.39285714285714285
1,13.63,0.3956043956043956
1,14.03,0.3983516483516483
1,14.22,0.4010989010989011
1,14.23,0.40384615384615385
1,14.25,0.4065934065934066
1,14.3,0.40934065934065933
1,14.43,0.41208791208791207
1,14.55,0.41483516483516486
1,14.58,0.4175824175824176
1,14.62,0.42032967032967034
1,14.66,0.4230769230769231
1,14.69,0.4258241758241758
1,14.7,0.42857142857142855
1,14.8,0.43131868131868134
1,14.92,0.4340659340659341
1,15.12,0.4368131868131868
1,15.19,0.43956043956043955
1,15.25,0.4423076923076923
1,15.27,0.44505494505494503
1,15.47,0.4478021978021978
1,15.51,0.45054945054945056
1,15.58,0.4532967032967033
1,15.59,0.45604395604395603
1,15.66,0.45879120879120877
1,15.72,0.46153846153846156
1,15.89,0.4642857142857143
1,15.91,0.46703296703296704
1,15.98,0.4697802197802198
1,16.16,0.4725274725274725
1,16.41,0.47527472527472525
1,16.41,0.47802197802197804
1,16.48,0.4807692307692308
1,16.57,0.4835164835164835
1,16.89,0.48626373626373626
1,16.89,0.489010989010989
1,17.15,0.49175824175824173
1,17.35,0.4945054945054945
1,17.62,0.49725274725274726
1,18.01,0.5
1,18.01,0.5027472527472527
1,18.58,0.5054945054945055
1,18.71,0.5082417582417582
1,18.77,0.510989010989011
1,18.81,0.5137362637362637
1,18.9,0.5164835164835165
1,19.09,0.5192307692307693
1,19.4,0.521978021978022
1,19.69,0.5247252747252747
1,20.04,0.5274725274725275
1,20.3,0.5302197802197802
1,20.59,0.532967032967033
1,20.67,0.5357142857142857
1,21.09,0.5384615384615384
1,21.17,0.5412087912087912
1,21.26,0.5439560439560439
1,21.69,0.5467032967032966
1,21.72,0.5494505494505495
1,21.87,0.5521978021978022
1,22.03,0.554945054945055
1,22.08,0.5576923076923077
1,22.39,0.5604395604395604
1,22.47,0.5631868131868132
1,22.52,0.5659340659340659
1,22.56,0.5686813186813187
1,22.72,0.5714285714285714
1,22.95,0.5741758241758241
1,23.3,0.5769230769230769
1,23.48,0.5796703296703297
1,23.5,0.5824175824175825
1,23.86,0.5851648351648352
1,23.98,0.5879120879120879
1,24.25,0.5906593406593407
1,24.41,0.5934065934065934
1,24.54,0.5961538461538461
1,25.09,0.5989010989010989
1,25.55,0.6016483516483516
1,25.56,0.6043956043956044
1,25.62,0.6071428571428571
1,25.79,0.6098901098901099
1,25.86,0.6126373626373627
1,26.01,0.6153846153846154
1,26.19,0.6181318681318682
1,27.76,0.6208791208791209
1,27.98,0.6236263736263736
1,28.88,0.6263736263736264
1,29.03,0.6291208791208791
1,29.12,0.6318681318681318
1,29.14,0.6346153846153846
1,29.49,0.6373626373626373
1,29.88,0.6401098901098901
1,30.12,0.6428571428571429
1,30.23,0.6456043956043956
1,30.34,0.6483516483516484
1,30.54,0.6510989010989011
1,30.97,0.6538461538461539
1,31.53,0.6565934065934066
1,32.07,0.6593406593406593
1,32.76,0.6620879120879121
1,33.16,0.6648351648351648
1,33.28,0.6675824175824175
1,33.67,0.6703296703296703
1,34.37,0.6730769230769231
1,34.67,0.6758241758241759
1,34.79,0.6785714285714286
1,34.86,0.6813186813186813
1,34.98,0.6840659340659341
1,36.47,0.6868131868131868
1,36.52,0.6895604395604396
1,36.65,0.6923076923076923
1,37.8,0.695054945054945
1,38.13,0.6978021978021978
1,39.07,0.7005494505494505
1,39.28,0.7032967032967034
1,39.88,0.7060439560439561
1,39.97,0.7087912087912088
1,41.12,0.7115384615384616
1,41.19,0.7142857142857143
1,43.16,0.717032967032967
1,43.21,0.7197802197802198
1,43.23,0.7225274725274725
1,43.31,0.7252747252747253
1,44.11,0.728021978021978
1,44.5,0.7307692307692307
1,44.94,0.7335164835164835
1,45.01,0.7362637362637363
1,45.02,0.739010989010989
1,45.67,0.7417582417582418
1,45.97,0.7445054945054945
1,46.93,0.7472527472527473
1,47.46,0.75
1,47.58,0.7527472527472527
1,48.08,0.7554945054945055
1,48.38,0.7582417582417582
1,48.39,0.760989010989011
1,48.67,0.7637362637362637
1,49.64,0.7664835164835165
1,50.58,0.7692307692307693
1,51.48,0.771978021978022
1,52.98,0.7747252747252747
1,53.73,0.7774725274725275
1,53.78,0.7802197802197802
1,54.51,0.782967032967033
1,55.57,0.7857142857142857
1,55.88,0.7884615384615384
1,56.07,0.7912087912087912
1,56.12,0.7939560439560439
1,56.73,0.7967032967032966
1,57.61,0.7994505494505495
1,57.86,0.8021978021978022
1,57.95,0.804945054945055
1,59.01,0.8076923076923077
1,59.02,0.8104395604395604
1,60.94,0.8131868131868132
1,61.65,0.8159340659340659
1,62.28,0.8186813186813187
1,62.89,0.8214285714285714
1,63.28,0.8241758241758241
1,66.28,0.8269230769230769
1,66.61,0.8296703296703297
1,66.95,0.8324175824175825
1,67.8,0.8351648351648352
1,68.47,0.8379120879120879
1,69.46,0.8406593406593407
1,69.51,0.8434065934065934
1,70.39,0.8461538461538461
1,71.22,0.8489010989010989
1,71.69,0.8516483516483516
1,71.76,0.8543956043956044
1,74.85,0.8571428571428571
1,75.07,0.8598901098901099
1,75.83,0.8626373626373627
1,76.23,0.8653846153846154
1,77.36,0.8681318681318682
1,77.36,0.8708791208791209
1,78.62,0.8736263736263736
1,79.2,0.8763736263736264
1,81.41,0.8791208791208791
1,81.7,0.8818681318681318
1,86.54,0.8846153846153846
1,88.83,0.8873626373626373
1,91.4,0.8901098901098901
1,92.36,0.8928571428571429
1,108.58,0.8956043956043956
1,161.12,0.8983516483516484
1,166.58,0.9010989010989011
1,171.01,0.9038461538461539
1,171.65,0.9065934065934066
1,175.63,0.9093406593406593
1,179.68,0.9120879120879121
1,179.73,0.9148351648351648
1,181.17,0.9175824175824175
1,181.54,0.9203296703296703
1,181.95,0.9230769230769231
1,182.11,0.9258241758241759
1,182.89,0.9285714285714286
1,184.6,0.9313186813186813
1,185.37,0.9340659340659341
1,190.3,0.9368131868131868
1,192.12,0.9395604395604396
1,192.36,0.9423076923076923
1,192.41,0.945054945054945
1,193.39,0.9478021978021978
1,194.44,0.9505494505494505
1,194.63,0.9532967032967034
1,195.83,0.9560439560439561
1,196.94,0.9587912087912088
1,196.97,0.9615384615384616
1,199.09,0.9642857142857143
1,199.25,0.967032967032967
1,200.61,0.9697802197802198
1,200.68,0.9725274725274725
1,201.25,0.9752747252747253
1,201.58,0.978021978021978
1,202.22,0.9807692307692307
1,211.47,0.9835164835164835
1,212.65,0.9862637362637363
1,221.03,0.989010989010989
1,224.04,0.9917582417582418
1,230.3,0.9945054945054945
1,260.97,0.9972527472527473
1,268.88,1.0
2,0.53,0.0027472527472527475
2,0.55,0.005494505494505495
2,0.59,0.008241758241758242
2,0.6,0.01098901098901099
2,0.65,0.013736263736263736
2,0.76,0.016483516483516484
2,0.83,0.019230769230769232
2,0.83,0.02197802197802198
2,0.84,0.024725274725274724
2,0.88,0.027472527472527472
2,1.0,0.03021978021978022
2,1.06,0.03296703296703297
2,1.09,0.03571428571428571
2,1.17,0.038461538461538464
2,1.19,0.04120879120879121
2,1.19,0.04395604395604396
2,1.22,0.046703296703296704
2,1.25,0.04945054945054945
2,1.28,0.0521978021978022
2,1.33,0.054945054945054944
2,1.34,0.057692307692307696
2,1.45,0.06043956043956044
2,1.48,0.06318681318681318
2,1.51,0.06593406593406594
2,1.52,0.06868131868131869
2,1.54,0.07142857142857142
2,1.54,0.07417582417582418
2,1.55,0.07692307692307693
2,1.63,0.07967032967032966
2,1.67,0.08241758241758242
2,1.68,0.08516483516483517
2,1.69,0.08791208791208792
2,1.72,0.09065934065934066
2,1.74,0.09340659340659341
2,1.74,0.09615384615384616
2,1.75,0.0989010989010989
2,1.75,0.10164835164835165
2,1.8,0.1043956043956044
2,1.81,0.10714285714285714
2,1.83,0.10989010989010989
2,1.85,0.11263736263736264
2,1.88,0.11538461538461539
2,1.9,0.11813186813186813
2,1.91,0.12087912087912088
2,1.92,0.12362637362637363
2,1.94,0.12637362637362637
2,1.94,0.12912087912087913
2,1.95,0.13186813186813187
2,1.97,0.1346153846153846
2,1.98,0.13736263736263737
2,2.01,0.1401098901098901
2,2.02,0.14285714285714285
2,2.02,0.14560439560439561
2,2.03,0.14835164835164835
2,2.04,0.1510989010989011
2,2.04,0.15384615384615385
2,2.09,0.1565934065934066
2,2.13,0.15934065934065933
2,2.15,0.1620879120879121
2,2.16,0.16483516483516483
2,2.18,0.16758241758241757
2,2.2,0.17032967032967034
2,2.21,0.17307692307692307
2,2.21,0.17582417582417584
2,2.22,0.17857142857142858
2,2.24,0.1813186813186813
2,2.26,0.18406593406593408
2,2.34,0.18681318681318682
2,2.35,0.18956043956043955
2,2.36,0.19230769230769232
2,2.36,0.19505494505494506
2,2.36,0.1978021978021978
2,2.37,0.20054945054945056
2,2.39,0.2032967032967033
2,2.39,0.20604395604395603
2,2.41,0.2087912087912088
2,2.42,0.21153846153846154
2,2.43,0.21428571428571427
2,2.45,0.21703296703296704
2,2.45,0.21978021978021978
2,2.46,0.22252747252747251
2,2.46,0.22527472527472528
2,2.47,0.22802197802197802
2,2.48,0.23076923076923078
2,2.48,0.23351648351648352
2,2.5,0.23626373626373626
2,2.51,0.23901098901098902
2,2.51,0.24175824175824176
2,2.53,0.2445054945054945
2,2.56,0.24725274725274726
2,2.57,0.25
2,2.58,0.25274725274725274
2,2.63,0.2554945054945055
2,2.65,0.25824175824175827
2,2.66,0.260989010989011
2,2.7,0.26373626373626374
2,2.71,0.2664835164835165
2,2.71,0.2692307692307692
2,2.73,0.27197802197802196
2,2.73,0.27472527472527475
2,2.75,0.2774725274725275
2,2.78,0.2802197802197802
2,2.81,0.28296703296703296
2,2.83,0.2857142857142857
2,2.83,0.28846153846153844
2,2.86,0.29120879120879123
2,2.87,0.29395604395604397
2,2.92,0.2967032967032967
2,2.93,0.29945054945054944
2,2.94,0.3021978021978022
2,2.94,0.30494505494505497
2,2.97,0.3076923076923077
2,3.02,0.31043956043956045
2,3.05,0.3131868131868132
2,3.05,0.3159340659340659
2,3.05,0.31868131868131866
2,3.08,0.32142857142857145
2,3.08,0.3241758241758242
2,3.1,0.3269230769230769
2,3.13,0.32967032967032966
2,3.15,0.3324175824175824
2,3.15,0.33516483516483514
2,3.16,0.33791208791208793
2,3.18,0.34065934065934067
2,3.2,0.3434065934065934
2,3.2,0.34615384615384615
2,3.22,0.3489010989010989
2,3.23,0.3516483516483517
2,3.25,0.3543956043956044
2,3.26,0.35714285714285715
2,3.29,0.3598901098901099
2,3.29,0.3626373626373626
2,3.3,0.36538461538461536
2,3.31,0.36813186813186816
2,3.33,0.3708791208791209
2,3.33,0.37362637362637363
2,3.34,0.37637362637362637
2,3.34,0.3791208791208791
2,3.39,0.38186813186813184
2,3.45,0.38461538461538464
2,3.47,0.3873626373626374
2,3.47,0.3901098901098901
2,3.47,0.39285714285714285
2,3.48,0.3956043956043956
2,3.48,0.3983516483516483
2,3.5,0.4010989010989011
2,3.5,0.40384615384615385
2,3.53,0.4065934065934066
2,3.55,0.40934065934065933
2,3.55,0.41208791208791207
2,3.57,0.41483516483516486
2,3.58,0.4175824175824176
2,3.58,0.42032967032967034
2,3.6,0.4230769230769231
2,3.63,0.4258241758241758
2,3.63,0.42857142857142855
2,3.64,0.43131868131868134
2,3.67,0.4340659340659341
2,3.67,0.4368131868131868
2,3.7,0.43956043956043955
2,3.72,0.4423076923076923
2,3.74,0.44505494505494503
2,3.75,0.4478021978021978
2,3.79,0.45054945054945056
2,3.79,0.4532967032967033
2,3.79,0.45604395604395603
2,3.81,0.45879120879120877
2,3.81,0.46153846153846156
2,3.84,0.4642857142857143
2,3.86,0.46703296703296704
2,3.93,0.4697802197802198
2,3.94,0.4725274725274725
2,3.94,0.47527472527472525
2,3.96,0.47802197802197804
2,4.04,0.4807692307692308
2,4.04,0.4835164835164835
2,4.07,0.48626373626373626
2,4.08,0.489010989010989
2,4.15,0.49175824175824173
2,4.18,0.4945054945054945
2,4.18,0.49725274725274726
2,4.19,0.5
2,4.19,0.5027472527472527
2,4.21,0.5054945054945055
2,4.22,0.5082417582417582
2,4.27,0.510989010989011
2,4.31,0.5137362637362637
2,4.35,0.5164835164835165
2,4.36,0.5192307692307693
2,4.41,0.521978021978022
2,4.43,0.5247252747252747
2,4.46,0.5274725274725275
2,4.47,0.5302197802197802
2,4.49,0.532967032967033
2,4.49,0.5357142857142857
2,4.51,0.5384615384615384
2,4.56,0.5412087912087912
2,4.56,0.5439560439560439
2,4.61,0.5467032967032966
2,4.61,0.5494505494505495
2,4.64,0.5521978021978022
2,4.64,0.554945054945055
2,4.66,0.5576923076923077
2,4.69,0.5604395604395604
2,4.7,0.5631868131868132
2,4.71,0.5659340659340659
2,4.72,0.5686813186813187
2,4.72,0.5714285714285714
2,4.73,0.5741758241758241
2,4.82,0.5769230769230769
2,4.84,0.5796703296703297
2,4.85,0.5824175824175825
2,4.86,0.5851648351648352
2,4.89,0.5879120879120879
2,4.89,0.5906593406593407
2,4.91,0.5934065934065934
2,4.91,0.5961538461538461
2,4.94,0.5989010989010989
2,4.96,0.6016483516483516
2,4.97,0.6043956043956044
2,4.98,0.6071428571428571
2,5.01,0.6098901098901099
2,5.05,0.6126373626373627
2,5.06,0.6153846153846154
2,5.08,0.6181318681318682
2,5.1,0.6208791208791209
2,5.11,0.6236263736263736
2,5.13,0.6263736263736264
2,5.14,0.6291208791208791
2,5.15,0.6318681318681318
2,5.16,0.6346153846153846
2,5.17,0.6373626373626373
2,5.2,0.6401098901098901
2,5.2,0.6428571428571429
2,5.23,0.6456043956043956
2,5.25,0.6483516483516484
2,5.25,0.6510989010989011
2,5.28,0.6538461538461539
2,5.31,0.6565934065934066
2,5.32,0.6593406593406593
2,5.33,0.6620879120879121
2,5.43,0.6648351648351648
2,5.47,0.6675824175824175
2,5.49,0.6703296703296703
2,5.56,0.6730769230769231
2,5.69,0.6758241758241759
2,5.7,0.6785714285714286
2,5.72,0.6813186813186813
2,5.74,0.6840659340659341
2,5.77,0.6868131868131868
2,5.78,0.6895604395604396
2,5.83,0.6923076923076923
2,5.88,0.695054945054945
2,5.92,0.6978021978021978
2,5.94,0.7005494505494505
2,5.96,0.7032967032967034
2,5.96,0.7060439560439561
2,5.99,0.7087912087912088
2,6.02,0.7115384615384616
2,6.08,0.7142857142857143
2,6.08,0.717032967032967
2,6.13,0.7197802197802198
2,6.14,0.7225274725274725
2,6.17,0.7252747252747253
2,6.19,0.728021978021978
2,6.21,0.7307692307692307
2,6.26,0.7335164835164835
2,6.28,0.7362637362637363
2,6.3,0.739010989010989
2,6.33,0.7417582417582418
2,6.34,0.7445054945054945
2,6.41,0.7472527472527473
2,6.47,0.75
2,6.49,0.7527472527472527
2,6.52,0.7554945054945055
2,6.52,0.7582417582417582
2,6.53,0.760989010989011
2,6.54,0.7637362637362637
2,6.55,0.7664835164835165
2,6.62,0.7692307692307693
2,6.62,0.771978021978022
2,6.66,0.7747252747252747
2,6.66,0.7774725274725275
2,6.69,0.7802197802197802
2,6.7,0.782967032967033
2,6.71,0.7857142857142857
2,6.74,0.7884615384615384
2,6.77,0.7912087912087912
2,6.86,0.7939560439560439
2,6.98,0.7967032967032966
2,7.01,0.7994505494505495
2,7.09,0.8021978021978022
2,7.23,0.804945054945055
2,7.23,0.8076923076923077
2,7.33,0.8104395604395604
2,7.35,0.8131868131868132
2,7.38,0.8159340659340659
2,7.44,0.8186813186813187
2,7.44,0.8214285714285714
2,7.49,0.8241758241758241
2,7.53,0.8269230769230769
2,7.63,0.8296703296703297
2,7.68,0.8324175824175825
2,7.74,0.8351648351648352
2,7.74,0.8379120879120879
2,7.87,0.8406593406593407
2,7.89,0.8434065934065934
2,7.9,0.8461538461538461
2,7.97,0.8489010989010989
2,8.07,0.8516483516483516
2,8.22,0.8543956043956044
2,8.31,0.8571428571428571
2,8.47,0.8598901098901099
2,8.47,0.8626373626373627
2,8.64,0.8653846153846154
2,8.8,0.8681318681318682
2,8.84,0.8708791208791209
2,8.95,0.8736263736263736
2,9.02,0.8763736263736264
2,9.03,0.8791208791208791
2,9.11,0.8818681318681318
2,9.28,0.8846153846153846
2,9.49,0.8873626373626373
2,9.52,0.8901098901098901
2,9.74,0.8928571428571429
2,9.79,0.8956043956043956
2,9.9,0.8983516483516484
2,9.96,0.9010989010989011
2,10.13,0.9038461538461539
2,10.23,0.9065934065934066
2,10.39,0.9093406593406593
2,10.48,0.9120879120879121
2,10.53,0.9148351648351648
2,10.65,0.9175824175824175
2,11.03,0.9203296703296703
2,11.04,0.9230769230769231
2,11.05,0.9258241758241759
2,11.26,0.9285714285714286
2,11.41,0.9313186813186813
2,11.45,0.9340659340659341
2,11.61,0.9368131868131868
2,11.78,0.9395604395604396
2,13.17,0.9423076923076923
2,13.99,0.945054945054945
2,14.22,0.9478021978021978
2,14.23,0.9505494505494505
2,14.62,0.9532967032967034
2,15.08,0.9560439560439561
2,15.64,0.9587912087912088
2,16.38,0.9615384615384616
2,17.06,0.9642857142857143
2,17.27,0.967032967032967
2,17.59,0.9697802197802198
2,19.77,0.9725274725274725
2,20.14,0.9752747252747253
2,21.54,0.978021978021978
2,22.16,0.9807692307692307
2,26.55,0.9835164835164835
2,33.08,0.9862637362637363
2,34.46,0.989010989010989
2,73.05,0.9917582417582418
2,83.57,0.9945054945054945
2,106.85,0.9972527472527473
2,195.96,1.0
3,0.32,0.0027472527472527475
3,0.32,0.005494505494505495
3,0.33,0.008241758241758242
3,0.34,0.01098901098901099
3,0.34,0.013736263736263736
3,0.34,0.016483516483516484
3,0.36,0.019230769230769232
3,0.36,0.02197802197802198
3,0.36,0.024725274725274724
3,0.37,0.027472527472527472
3,0.37,0.03021978021978022
3,0.37,0.03296703296703297
3,0.37,0.03571428571428571
3,0.37,0.038461538461538464
3,0.37,0.04120879120879121
3,0.37,0.04395604395604396
3,0.37,0.046703296703296704
3,0.38,0.04945054945054945
3,0.38,0.0521978021978022
3,0.38,0.054945054945054944
3,0.38,0.057692307692307696
3,0.38,0.06043956043956044
3,0.39,0.06318681318681318
3,0.39,0.06593406593406594
3,0.39,0.06868131868131869
3,0.39,0.07142857142857142
3,0.39,0.07417582417582418
3,0.39,0.07692307692307693
3,0.39,0.07967032967032966
3,0.4,0.08241758241758242
3,0.4,0.08516483516483517
3,0.4,0.08791208791208792
3,0.4,0.09065934065934066
3,0.4,0.09340659340659341
3,0.4,0.09615384615384616
3,0.41,0.0989010989010989
3,0.41,0.10164835164835165
3,0.41,0.1043956043956044
3,0.41,0.10714285714285714
3,0.41,0.10989010989010989
3,0.41,0.11263736263736264
3,0.41,0.11538461538461539
3,0.41,0.11813186813186813
3,0.41,0.12087912087912088
3,0.42,0.12362637362637363
3,0.42,0.12637362637362637
3,0.42,0.12912087912087913
3,0.42,0.13186813186813187
3,0.42,0.1346153846153846
3,0.42,0.13736263736263737
3,0.42,0.1401098901098901
3,0.42,0.14285714285714285
3,0.42,0.14560439560439561
3,0.43,0.14835164835164835
3,0.43,0.1510989010989011
3,0.43,0.15384615384615385
3,0.43,0.1565934065934066
3,0.44,0.15934065934065933
3,0.44,0.1620879120879121
3,0.44,0.16483516483516483
3,0.44,0.16758241758241757
3,0.44,0.17032967032967034
3,0.44,0.17307692307692307
3,0.44,0.17582417582417584
3,0.44,0.17857142857142858
3,0.45,0.1813186813186813
3,0.45,0.18406593406593408
3,0.45,0.18681318681318682
3,0.45,0.18956043956043955
3,0.46,0.19230769230769232
3,0.46,0.19505494505494506
3,0.46,0.1978021978021978
3,0.46,0.20054945054945056
3,0.46,0.2032967032967033
3,0.46,0.20604395604395603
3,0.46,0.2087912087912088
3,0.47,0.21153846153846154
3,0.47,0.21428571428571427
3,0.47,0.21703296703296704
3,0.47,0.21978021978021978
3,0.47,0.22252747252747251
3,0.48,0.22527472527472528
3,0.48,0.22802197802197802
3,0.49,0.23076923076923078
3,0.5,0.23351648351648352
3,0.51,0.23626373626373626
3,0.51,0.23901098901098902
3,0.52,0.24175824175824176
3,0.54,0.2445054945054945
3,0.54,0.24725274725274726
3,0.55,0.25
3,0.55,0.25274725274725274
3,0.57,0.2554945054945055
3,0.57,0.25824175824175827
3,0.58,0.260989010989011
3,0.58,0.26373626373626374
3,0.58,0.2664835164835165
3,0.59,0.2692307692307692
3,0.59,0.27197802197802196
3,0.6,0.27472527472527475
3,0.61,0.2774725274725275
3,0.61,0.2802197802197802
3,0.61,0.28296703296703296
3,0.62,0.2857142857142857
3,0.62,0.28846153846153844
3,0.63,0.29120879120879123
3,0.63,0.29395604395604397
3,0.65,0.2967032967032967
3,0.66,0.29945054945054944
3,0.67,0.3021978021978022
3,0.67,0.30494505494505497
3,0.67,0.3076923076923077
3,0.68,0.31043956043956045
3,0.68,0.3131868131868132
3,0.69,0.3159340659340659
3,0.69,0.31868131868131866
3,0.71,0.32142857142857145
3,0.71,0.3241758241758242
3,0.71,0.3269230769230769
3,0.72,0.32967032967032966
3,0.73,0.3324175824175824
3,0.73,0.33516483516483514
3,0.73,0.33791208791208793
3,0.74,0.34065934065934067
3,0.76,0.3434065934065934
3,0.76,0.34615384615384615
3,0.76,0.3489010989010989
3,0.77,0.3516483516483517
3,0.77,0.3543956043956044
3,0.78,0.35714285714285715
3,0.78,0.3598901098901099
3,0.8,0.3626373626373626
3,0.81,0.36538461538461536
3,0.81,0.36813186813186816
3,0.81,0.3708791208791209
3,0.82,0.37362637362637363
3,0.82,0.37637362637362637
3,0.82,0.3791208791208791
3,0.82,0.38186813186813184
3,0.82,0.38461538461538464
3,0.82,0.3873626373626374
3,0.82,0.3901098901098901
3,0.83,0.39285714285714285
3,0.83,0.3956043956043956
3,0.84,0.3983516483516483
3,0.84,0.4010989010989011
3,0.85,0.40384615384615385
3,0.85,0.4065934065934066
3,0.86,0.40934065934065933
3,0.86,0.41208791208791207
3,0.86,0.41483516483516486
3,0.87,0.4175824175824176
3,0.87,0.42032967032967034
3,0.88,0.4230769230769231
3,0.88,0.4258241758241758
3,0.88,0.42857142857142855
3,0.88,0.43131868131868134
3,0.88,0.4340659340659341
3,0.89,0.4368131868131868
3,0.9,0.43956043956043955
3,0.9,0.4423076923076923
3,0.9,0.44505494505494503
3,0.9,0.4478021978021978
3,0.93,0.45054945054945056
3,0.93,0.4532967032967033
3,0.93,0.45604395604395603
3,0.94,0.45879120879120877
3,0.94,0.46153846153846156
3,0.95,0.4642857142857143
3,0.96,0.46703296703296704
3,0.96,0.4697802197802198
3,0.96,0.4725274725274725
3,0.96,0.47527472527472525
3,0.96,0.47802197802197804
3,0.97,0.4807692307692308
3,0.97,0.4835164835164835
3,0.98,0.48626373626373626
3,0.98,0.489010989010989
3,0.98,0.49175824175824173
3,0.98,0.4945054945054945
3,0.99,0.49725274725274726
3,1.0,0.5
3,1.0,0.5027472527472527
3,1.0,0.5054945054945055
3,1.01,0.5082417582417582
3,1.01,0.510989010989011
3,1.01,0.5137362637362637
3,1.02,0.5164835164835165
3,1.03,0.5192307692307693
3,1.03,0.521978021978022
3,1.03,0.5247252747252747
3,1.05,0.5274725274725275
3,1.05,0.5302197802197802
3,1.05,0.532967032967033
3,1.06,0.5357142857142857
3,1.07,0.5384615384615384
3,1.07,0.5412087912087912
3,1.07,0.5439560439560439
3,1.08,0.5467032967032966
3,1.08,0.5494505494505495
3,1.08,0.5521978021978022
3,1.09,0.554945054945055
3,1.09,0.5576923076923077
3,1.1,0.5604395604395604
3,1.1,0.5631868131868132
3,1.1,0.5659340659340659
3,1.11,0.5686813186813187
3,1.12,0.5714285714285714
3,1.12,0.5741758241758241
3,1.13,0.5769230769230769
3,1.13,0.5796703296703297
3,1.13,0.5824175824175825
3,1.13,0.5851648351648352
3,1.14,0.5879120879120879
3,1.14,0.5906593406593407
3,1.14,0.5934065934065934
3,1.14,0.5961538461538461
3,1.14,0.5989010989010989
3,1.15,0.6016483516483516
3,1.16,0.6043956043956044
3,1.17,0.6071428571428571
3,1.19,0.6098901098901099
3,1.21,0.6126373626373627
3,1.21,0.6153846153846154
3,1.21,0.6181318681318682
3,1.21,0.6208791208791209
3,1.23,0.6236263736263736
3,1.23,0.6263736263736264
3,1.24,0.6291208791208791
3,1.26,0.6318681318681318
3,1.26,0.6346153846153846
3,1.27,0.6373626373626373
3,1.27,0.6401098901098901
3,1.27,0.6428571428571429
3,1.29,0.6456043956043956
3,1.3,0.6483516483516484
3,1.31,0.6510989010989011
3,1.31,0.6538461538461539
3,1.31,0.6565934065934066
3,1.32,0.6593406593406593
3,1.36,0.6620879120879121
3,1.37,0.6648351648351648
3,1.37,0.6675824175824175
3,1.38,0.6703296703296703
3,1.38,0.6730769230769231
3,1.39,0.6758241758241759
3,1.4,0.6785714285714286
3,1.4,0.6813186813186813
3,1.42,0.6840659340659341
3,1.42,0.6868131868131868
3,1.42,0.6895604395604396
3,1.43,0.6923076923076923
3,1.47,0.695054945054945
3,1.47,0.6978021978021978
3,1.47,0.7005494505494505
3,1.47,0.7032967032967034
3,1.49,0.7060439560439561
3,1.49,0.7087912087912088
3,1.49,0.7115384615384616
3,1.49,0.7142857142857143
3,1.49,0.717032967032967
3,1.49,0.7197802197802198
3,1.5,0.7225274725274725
3,1.5,0.7252747252747253
3,1.5,0.728021978021978
3,1.5,0.7307692307692307
3,1.5,0.7335164835164835
3,1.51,0.7362637362637363
3,1.52,0.739010989010989
3,1.56,0.7417582417582418
3,1.57,0.7445054945054945
3,1.57,0.7472527472527473
3,1.57,0.75
3,1.58,0.7527472527472527
3,1.59,0.7554945054945055
3,1.59,0.7582417582417582
3,1.59,0.760989010989011
3,1.6,0.7637362637362637
3,1.62,0.7664835164835165
3,1.62,0.7692307692307693
3,1.63,0.771978021978022
3,1.64,0.7747252747252747
3,1.65,0.7774725274725275
3,1.66,0.7802197802197802
3,1.66,0.782967032967033
3,1.66,0.7857142857142857
3,1.67,0.7884615384615384
3,1.68,0.7912087912087912
3,1.7,0.7939560439560439
3,1.71,0.7967032967032966
3,1.71,0.7994505494505495
3,1.72,0.8021978021978022
3,1.74,0.804945054945055
3,1.74,0.8076923076923077
3,1.74,0.8104395604395604
3,1.78,0.8131868131868132
3,1.78,0.8159340659340659
3,1.79,0.8186813186813187
3,1.79,0.8214285714285714
3,1.8,0.8241758241758241
3,1.8,0.8269230769230769
3,1.81,0.8296703296703297
3,1.84,0.8324175824175825
3,1.85,0.8351648351648352
3,1.86,0.8379120879120879
3,1.86,0.8406593406593407
3,1.87,0.8434065934065934
3,1.88,0.8461538461538461
3,1.89,0.8489010989010989
3,1.92,0.8516483516483516
3,1.93,0.8543956043956044
3,1.94,0.8571428571428571
3,1.95,0.8598901098901099
3,1.96,0.8626373626373627
3,1.96,0.8653846153846154
3,1.99,0.8681318681318682
3,2.0,0.8708791208791209
3,2.02,0.8736263736263736
3,2.03,0.8763736263736264
3,2.05,0.8791208791208791
3,2.05,0.8818681318681318
3,2.07,0.8846153846153846
3,2.09,0.8873626373626373
3,2.09,0.8901098901098901
3,2.1,0.8928571428571429
3,2.1,0.8956043956043956
3,2.12,0.8983516483516484
3,2.12,0.9010989010989011
3,2.15,0.9038461538461539
3,2.15,0.9065934065934066
3,2.17,0.9093406593406593
3,2.18,0.9120879120879121
3,2.26,0.9148351648351648
3,2.27,0.9175824175824175
3,2.27,0.9203296703296703
3,2.27,0.9230769230769231
3,2.27,0.9258241758241759
3,2.28,0.9285714285714286
3,2.29,0.9313186813186813
3,2.33,0.9340659340659341
3,2.35,0.9368131868131868
3,2.36,0.9395604395604396
3,2.38,0.9423076923076923
3,2.39,0.945054945054945
3,2.41,0.9478021978021978
3,2.42,0.9505494505494505
3,2.42,0.9532967032967034
3,2.45,0.9560439560439561
3,2.48,0.9587912087912088
3,2.49,0.9615384615384616
3,2.55,0.9642857142857143
3,2.56,0.967032967032967
3,2.62,0.9697802197802198
3,2.67,0.9725274725274725
3,2.67,0.9752747252747253
3,2.68,0.978021978021978
3,2.7,0.9807692307692307
3,2.7,0.9835164835164835
3,2.7,0.9862637362637363
3,2.72,0.989010989010989
3,2.85,0.9917582417582418
3,3.0,0.9945054945054945
3,3.08,0.9972527472527473
3,3.34,1.0
