latency_s,cdf
2.58,0.0027472527472527475
2.89,0.005494505494505495
3.13,0.008241758241758242
3.2,0.01098901098901099
3.22,0.013736263736263736
3.36,0.016483516483516484
3.39,0.019230769230769232
3.69,0.02197802197802198
3.69,0.024725274725274724
3.73,0.027472527472527472
3.94,0.03021978021978022
4.19,0.03296703296703297
4.33,0.03571428571428571
4.36,0.038461538461538464
4.45,0.04120879120879121
4.59,0.04395604395604396
4.66,0.046703296703296704
4.78,0.04945054945054945
4.9,0.0521978021978022
4.99,0.054945054945054944
5.0,0.057692307692307696
5.09,0.06043956043956044
5.09,0.06318681318681318
5.16,0.06593406593406594
5.18,0.06868131868131869
5.23,0.07142857142857142
5.23,0.07417582417582418
5.29,0.07692307692307693
5.37,0.07967032967032966
5.38,0.08241758241758242
5.59,0.08516483516483517
5.62,0.08791208791208792
5.68,0.09065934065934066
5.89,0.09340659340659341
5.92,0.09615384615384616
6.16,0.0989010989010989
6.2,0.10164835164835165
6.27,0.1043956043956044
6.32,0.10714285714285714
6.37,0.10989010989010989
6.37,0.11263736263736264
6.42,0.11538461538461539
6.44,0.11813186813186813
6.56,0.12087912087912088
6.65,0.12362637362637363
6.68,0.12637362637362637
6.7,0.12912087912087913
6.74,0.13186813186813187
6.82,0.1346153846153846
6.93,0.13736263736263737
6.95,0.1401098901098901
6.99,0.14285714285714285
7.19,0.14560439560439561
7.21,0.14835164835164835
7.22,0.1510989010989011
7.24,0.15384615384615385
7.35,0.1565934065934066
7.41,0.15934065934065933
7.44,0.1620879120879121
7.57,0.16483516483516483
7.6,0.16758241758241757
7.63,0.17032967032967034
7.67,0.17307692307692307
7.71,0.17582417582417584
7.73,0.17857142857142858
7.79,0.1813186813186813
7.8,0.18406593406593408
7.83,0.18681318681318682
7.9,0.18956043956043955
7.98,0.19230769230769232
8.04,0.19505494505494506
8.09,0.1978021978021978
8.1,0.20054945054945056
8.16,0.2032967032967033
8.17,0.20604395604395603
8.33,0.2087912087912088
8.39,0.21153846153846154
8.41,0.21428571428571427
8.49,0.21703296703296704
8.52,0.21978021978021978
8.54,0.22252747252747251
8.8,0.22527472527472528
8.8,0.22802197802197802
8.81,0.23076923076923078
8.96,0.23351648351648352
9.04,0.23626373626373626
9.05,0.23901098901098902
9.09,0.24175824175824176
9.13,0.2445054945054945
9.39,0.24725274725274726
9.47,0.25
9.51,0.25274725274725274
9.58,0.2554945054945055
9.71,0.25824175824175827
9.76,0.260989010989011
10.06,0.26373626373626374
10.08,0.2664835164835165
10.08,0.2692307692307692
10.1,0.27197802197802196
10.17,0.27472527472527475
10.18,0.2774725274725275
10.23,0.2802197802197802
10.27,0.28296703296703296
10.34,0.2857142857142857
10.35,0.28846153846153844
10.36,0.29120879120879123
10.41,0.29395604395604397
10.45,0.2967032967032967
10.63,0.29945054945054944
10.82,0.3021978021978022
10.85,0.30494505494505497
10.86,0.3076923076923077
10.88,0.31043956043956045
10.9,0.3131868131868132
11.01,0.3159340659340659
11.01,0.31868131868131866
11.23,0.32142857142857145
11.25,0.3241758241758242
11.46,0.3269230769230769
11.54,0.32967032967032966
11.77,0.3324175824175824
11.78,0.33516483516483514
11.79,0.33791208791208793
11.8,0.34065934065934067
11.84,0.3434065934065934
11.85,0.34615384615384615
11.89,0.3489010989010989
12.13,0.3516483516483517
12.16,0.3543956043956044
12.33,0.35714285714285715
12.39,0.3598901098901099
12.5,0.3626373626373626
12.7,0.36538461538461536
12.75,0.36813186813186816
12.82,0.3708791208791209
12.83,0.37362637362637363
13.0,0.37637362637362637
13.1,0.3791208791208791
13.33,0.38186813186813184
13.51,0.38461538461538464
13.54,0.3873626373626374
13.61,0.3901098901098901
13.62,0.39285714285714285
13.63,0.3956043956043956
14.03,0.3983516483516483
14.22,0.4010989010989011
14.23,0.40384615384615385
14.25,0.4065934065934066
14.3,0.40934065934065933
14.43,0.41208791208791207
14.55,0.41483516483516486
14.58,0.4175824175824176
14.62,0.42032967032967034
14.66,0.4230769230769231
14.69,0.4258241758241758
14.7,0.42857142857142855
14.8,0.43131868131868134
14.92,0.4340659340659341
15.12,0.4368131868131868
15.19,0.43956043956043955
15.25,0.4423076923076923
15.27,0.44505494505494503
15.47,0.4478021978021978
15.51,0.45054945054945056
15.58,0.4532967032967033
15.59,0.45604395604395603
15.66,0.45879120879120877
15.72,0.46153846153846156
15.89,0.4642857142857143
15.91,0.46703296703296704
15.98,0.4697802197802198
16.16,0.4725274725274725
16.41,0.47527472527472525
16.41,0.47802197802197804
16.48,0.4807692307692308
16.57,0.4835164835164835
16.89,0.48626373626373626
16.89,0.489010989010989
17.15,0.49175824175824173
17.35,0.4945054945054945
17.62,0.49725274725274726
18.01,0.5
18.01,0.5027472527472527
18.58,0.5054945054945055
18.71,0.5082417582417582
18.77,0.510989010989011
18.81,0.5137362637362637
18.9,0.5164835164835165
19.09,0.5192307692307693
19.4,0.521978021978022
19.69,0.5247252747252747
20.04,0.5274725274725275
20.3,0.5302197802197802
20.59,0.532967032967033
20.67,0.5357142857142857
21.09,0.5384615384615384
21.17,0.5412087912087912
21.26,0.5439560439560439
21.69,0.5467032967032966
21.72,0.5494505494505495
21.87,0.5521978021978022
22.03,0.554945054945055
22.08,0.5576923076923077
22.39,0.5604395604395604
22.47,0.5631868131868132
22.52,0.5659340659340659
22.56,0.5686813186813187
22.72,0.5714285714285714
22.95,0.5741758241758241
23.3,0.5769230769230769
23.48,0.5796703296703297
23.5,0.5824175824175825
23.86,0.5851648351648352
23.98,0.5879120879120879
24.25,0.5906593406593407
24.41,0.5934065934065934
24.54,0.5961538461538461
25.09,0.5989010989010989
25.55,0.6016483516483516
25.56,0.6043956043956044
25.62,0.6071428571428571
25.79,0.6098901098901099
25.86,0.6126373626373627
26.01,0.6153846153846154
26.19,0.6181318681318682
27.76,0.6208791208791209
27.98,0.6236263736263736
28.88,0.6263736263736264
29.03,0.6291208791208791
29.12,0.6318681318681318
29.14,0.6346153846153846
29.49,0.6373626373626373
29.88,0.6401098901098901
30.12,0.6428571428571429
30.23,0.6456043956043956
30.34,0.6483516483516484
30.54,0.6510989010989011
30.97,0.6538461538461539
31.53,0.6565934065934066
32.07,0.6593406593406593
32.76,0.6620879120879121
33.16,0.6648351648351648
33.28,0.6675824175824175
33.67,0.6703296703296703
34.37,0.6730769230769231
34.67,0.6758241758241759
34.79,0.6785714285714286
34.86,0.6813186813186813
34.98,0.6840659340659341
36.47,0.6868131868131868
36.52,0.6895604395604396
36.65,0.6923076923076923
37.8,0.695054945054945
38.13,0.6978021978021978
39.07,0.7005494505494505
39.28,0.7032967032967034
39.88,0.7060439560439561
39.97,0.7087912087912088
41.12,0.7115384615384616
41.19,0.7142857142857143
43.16,0.717032967032967
43.21,0.7197802197802198
43.23,0.7225274725274725
43.31,0.7252747252747253
44.11,0.728021978021978
44.5,0.7307692307692307
44.94,0.7335164835164835
45.01,0.7362637362637363
45.02,0.739010989010989
45.67,0.7417582417582418
45.97,0.7445054945054945
46.93,0.7472527472527473
47.46,0.75
47.58,0.7527472527472527
48.08,0.7554945054945055
48.38,0.7582417582417582
48.39,0.760989010989011
48.67,0.7637362637362637
49.64,0.7664835164835165
50.58,0.7692307692307693
51.48,0.771978021978022
52.98,0.7747252747252747
53.73,0.7774725274725275
53.78,0.7802197802197802
54.51,0.782967032967033
55.57,0.7857142857142857
55.88,0.7884615384615384
56.07,0.7912087912087912
56.12,0.7939560439560439
56.73,0.7967032967032966
57.61,0.7994505494505495
57.86,0.8021978021978022
57.95,0.804945054945055
59.01,0.8076923076923077
59.02,0.8104395604395604
60.94,0.8131868131868132
61.65,0.8159340659340659
62.28,0.8186813186813187
62.89,0.8214285714285714
63.28,0.8241758241758241
66.28,0.8269230769230769
66.61,0.8296703296703297
66.95,0.8324175824175825
67.8,0.8351648351648352
68.47,0.8379120879120879
69.46,0.8406593406593407
69.51,0.8434065934065934
70.39,0.8461538461538461
71.22,0.8489010989010989
71.69,0.8516483516483516
71.76,0.8543956043956044
74.85,0.8571428571428571
75.07,0.8598901098901099
75.83,0.8626373626373627
76.23,0.8653846153846154
77.36,0.8681318681318682
77.36,0.8708791208791209
78.62,0.8736263736263736
79.2,0.8763736263736264
81.41,0.8791208791208791
81.7,0.8818681318681318
86.54,0.8846153846153846
88.83,0.8873626373626373
91.4,0.8901098901098901
92.36,0.8928571428571429
108.58,0.8956043956043956
161.12,0.8983516483516484
166.58,0.9010989010989011
171.01,0.9038461538461539
171.65,0.9065934065934066
175.63,0.9093406593406593
179.68,0.9120879120879121
179.73,0.9148351648351648
181.17,0.9175824175824175
181.54,0.9203296703296703
181.95,0.9230769230769231
182.11,0.9258241758241759
182.89,0.9285714285714286
184.6,0.9313186813186813
185.37,0.9340659340659341
190.3,0.9368131868131868
192.12,0.9395604395604396
192.36,0.9423076923076923
192.41,0.945054945054945
193.39,0.9478021978021978
194.44,0.9505494505494505
194.63,0.9532967032967034
195.83,0.9560439560439561
196.94,0.9587912087912088
196.97,0.9615384615384616
199.09,0.9642857142857143
199.25,0.967032967032967
200.61,0.9697802197802198
200.68,0.9725274725274725
201.25,0.9752747252747253
201.58,0.978021978021978
202.22,0.9807692307692307
211.47,0.9835164835164835
212.65,0.9862637362637363
221.03,0.989010989010989
224.04,0.9917582417582418
230.3,0.9945054945054945
260.97,0.9972527472527473
268.88,1.0
