policy,benchmark,n,mean_s,leq_2s,leq_10s,leq_30s
ecologic,humaneval,164,39.84158536585366,0.018292682926829267,0.47560975609756095,0.6646341463414634
ecologic,mmlu,100,34.928,0.07,0.42,0.72
ecologic,gsm8k,100,31.487799999999996,0.03,0.42,0.82
always_t2,humaneval,164,7.999146341463415,0.042682926829268296,0.8658536585365854,0.9817073170731707
always_t2,mmlu,100,3.9667999999999997,0.39,0.96,0.99
always_t2,gsm8k,100,6.258700000000001,0.04,0.9,0.98
frontier,humaneval,164,1.0517682926829268,0.9634146341463414,1.0,1.0
frontier,mmlu,100,0.4953,0.97,1.0,1.0
frontier,gsm8k,100,1.9354999999999998,0.62,1.0,1.0
