key,config,split,subset,status,n_queries,n_models,usd_available,naive_aggregate_cost,exact_realized_cost,relative_accounting_error,oracle_mean_quality,static_quality_at_oracle_cost,oracle_quality_advantage,router_frontier,reason
llmrouter_generic__train__all,llmrouter_generic,train,all,ok,4489,18,True,2.8726366695927196e-05,2.4103711294274893e-05,0.19178189388412872,0.9070247377283712,0.6864596834597073,0.2205650542686638,skipped,
llmrouter_generic__test__all,llmrouter_generic,test,all,ok,3729,18,True,3.2850723434086e-05,3.234866988468758e-05,0.015520067786034951,0.9292880475843897,0.7195420347129897,0.20974601287139982,skipped,
memory_locomo__train__all,memory_locomo,train,all,ok,885,18,True,9.880106990966836e-05,0.00010237475706214689,-0.03490789385032788,0.47360479134153266,0.3048784493215543,0.16872634201997883,skipped,
memory_locomo__test__all,memory_locomo,test,all,ok,314,18,True,8.817186822994847e-05,9.026019108280256e-05,-0.023136698779402137,0.4395938427650179,0.2758348538147074,0.1637589889503105,skipped,
memory_longmemeval__train__all,memory_longmemeval,train,all,ok,277,18,True,0.00043987696372948946,0.00043579685920577615,0.009362400020847213,0.627897008040951,0.4042198028748678,0.22367720516608336,skipped,
memory_longmemeval__test__all,memory_longmemeval,test,all,ok,101,18,True,0.0003546464052543868,0.00032945514851485155,0.0764633876662567,0.6000721861748208,,,skipped,
timeseries__train__all,timeseries,train,all,ok,976,18,True,0.00017262770358480588,0.00016342168032786885,0.05633293721167973,0.9836065573770492,0.5474515419412253,0.4361550154358239,skipped,
timeseries__test__all,timeseries,test,all,ok,127,18,True,0.00017574053568107138,0.00018594826771653543,-0.05489554788983024,0.9921259842519685,0.5562442922650648,0.43588169198690374,skipped,
video__train__all,video,train,all,ok,201,18,True,2.7908091383876636e-05,2.7496915422885575e-05,0.014953530411227182,0.22885572139303484,0.09950089679500172,0.1293548245980331,skipped,
video__test__all,video,test,all,ok,27,18,True,2.1805624142661184e-05,2.1809259259259258e-05,-0.00016667767368256154,0.3333333333333333,0.14260632909218898,0.19072700424114433,skipped,
multimodal_geometry3k__train__all,multimodal_geometry3k,train,all,ok,480,18,True,0.00010079732851562499,9.851775e-05,0.023138759417718955,0.6,0.3055179174152986,0.2944820825847014,skipped,
multimodal_geometry3k__test__all,multimodal_geometry3k,test,all,ok,61,18,True,0.00015718352593388873,0.00016097754098360655,-0.02356859861652495,0.7868852459016393,0.313679344788425,0.4732059011132143,skipped,
multimodal_mathvista__train__all,multimodal_mathvista,train,all,ok,800,18,True,6.354999920312501e-05,6.456827500000001e-05,-0.015770528125073784,0.645,0.35767333798132894,0.2873266620186711,skipped,
multimodal_mathvista__test__all,multimodal_mathvista,test,all,ok,100,18,True,5.3914627e-05,5.96479e-05,-0.09611860601965871,0.65,0.42932295608371474,0.2206770439162853,skipped,
llmrouter_generic__train__aime_2020_2024,llmrouter_generic,train,aime_2020_2024,ok,107,18,True,6.46272320726701e-05,4.229392523364486e-05,0.5280499910010499,0.16822429906542055,0.04946222470387605,0.11876207436154451,skipped,
llmrouter_generic__train__arc_challenge,llmrouter_generic,train,arc_challenge,ok,450,18,True,6.14371506172839e-06,6.1478888888888895e-06,-0.0006789041304963225,0.9955555555555555,0.9538771615980919,0.041678393957463644,skipped,
llmrouter_generic__train__boolq,llmrouter_generic,train,boolq,ok,400,18,True,1.2232082812499993e-05,1.2254500000000001e-05,-0.0018293025011226522,0.9825,,,skipped,
llmrouter_generic__train__commonsense_qa,llmrouter_generic,train,commonsense_qa,ok,400,18,True,1.2000913812500001e-05,1.3822975e-05,-0.13181396823042785,0.9925,0.7948165759664014,0.19768342403359862,skipped,
llmrouter_generic__train__gsm8k,llmrouter_generic,train,gsm8k,ok,450,18,True,3.3424660839506174e-05,3.1917822222222226e-05,0.04720994455050378,0.9911111111111112,0.8637679801250537,0.12734313098605743,skipped,
llmrouter_generic__train__hellaswag,llmrouter_generic,train,hellaswag,ok,400,18,True,2.0375836750000005e-05,1.9385825000000002e-05,0.05106884798557723,0.9775,0.7861382744070071,0.19136172559299292,skipped,
llmrouter_generic__train__human_eval,llmrouter_generic,train,human_eval,ok,132,18,True,7.310734044995408e-05,7.291780303030303e-05,0.002599329817606885,0.946969696969697,0.6603899076573416,0.2865797893123554,skipped,
llmrouter_generic__train__math,llmrouter_generic,train,math,ok,450,18,True,3.6441118864197536e-05,3.291753333333333e-05,0.10704281803813384,0.9088888888888889,0.6195068716804586,0.28938201720843026,skipped,
llmrouter_generic__train__mbpp,llmrouter_generic,train,mbpp,ok,337,18,True,3.2219493435708686e-05,3.4235578635014835e-05,-0.0588885971754593,0.8931750741839762,0.6621133269861815,0.2310617471977947,skipped,
llmrouter_generic__train__mmlu,llmrouter_generic,train,mmlu,ok,450,18,True,3.1334888197530846e-05,3.252991111111111e-05,-0.03673612600718377,0.9844444444444445,0.8151455495233496,0.16929889492109484,skipped,
llmrouter_generic__train__mmlu_pro,llmrouter_generic,train,mmlu_pro,ok,63,18,True,1.4901751070798693e-05,1.5888888888888887e-05,-0.06212755498469757,0.9682539682539683,0.753992659268511,0.21426130898545726,skipped,
llmrouter_generic__train__openbook_qa,llmrouter_generic,train,openbook_qa,ok,450,18,True,5.485278864197531e-06,5.2582666666666676e-06,0.043172439117617326,1.0,0.8996132623919673,0.10038673760803274,skipped,
llmrouter_generic__train__squad,llmrouter_generic,train,squad,ok,400,18,True,3.8942780187499994e-05,3.5950275e-05,0.08324011951229845,0.47408511915664614,,,skipped,
llmrouter_generic__test__aime_2020_2024,llmrouter_generic,test,aime_2020_2024,ok,13,18,True,9.025360946745563e-05,6.739846153846155e-05,0.339104890635398,0.23076923076923078,0.08209934391013471,0.14866988685909607,skipped,
llmrouter_generic__test__arc_challenge,llmrouter_generic,test,arc_challenge,ok,500,18,True,7.355321200000005e-06,7.368299999999999e-06,-0.001761437509329805,0.992,0.9367979174539195,0.0552020825460805,skipped,
llmrouter_generic__test__boolq,llmrouter_generic,test,boolq,ok,50,18,True,1.4342704000000002e-05,1.2916600000000001e-05,0.11040862146385276,0.98,0.8632613963039013,0.11673860369609868,skipped,
llmrouter_generic__test__commonsense_qa,llmrouter_generic,test,commonsense_qa,ok,50,18,True,1.34902e-05,1.2297000000000001e-05,0.09703179637309904,1.0,0.8587963161276505,0.1412036838723495,skipped,
llmrouter_generic__test__gsm8k,llmrouter_generic,test,gsm8k,ok,500,18,True,4.038588043999999e-05,4.0040359999999994e-05,0.008629304032231458,0.982,0.8324241997009273,0.1495758002990727,skipped,
llmrouter_generic__test__hellaswag,llmrouter_generic,test,hellaswag,ok,50,18,True,1.9001320000000002e-05,1.7263e-05,0.10069628685628229,0.98,0.780121910487642,0.19987808951235797,skipped,
llmrouter_generic__test__human_eval,llmrouter_generic,test,human_eval,ok,16,18,True,5.3049999999999995e-05,4.8200000000000006e-05,0.10062240663900392,0.9375,0.5757673551348252,0.36173264486517476,skipped,
llmrouter_generic__test__math,llmrouter_generic,test,math,ok,500,18,True,4.343951331999999e-05,4.5988540000000005e-05,-0.05542743213852867,0.836,0.6187683222574796,0.2172316777425204,skipped,
llmrouter_generic__test__mbpp,llmrouter_generic,test,mbpp,ok,500,18,True,3.4031543800000005e-05,4.0099120000000005e-05,-0.15131444779835565,0.874,0.6575535125549525,0.21644648744504746,skipped,
llmrouter_generic__test__mmlu,llmrouter_generic,test,mmlu,ok,500,18,True,2.0394384599999988e-05,2.237232e-05,-0.08840993692205423,0.972,0.7732882729080148,0.19871172709198515,skipped,
llmrouter_generic__test__mmlu_pro,llmrouter_generic,test,mmlu_pro,ok,500,18,True,6.744631748000002e-05,6.732656e-05,0.001778755367866998,0.904,0.5838130943543948,0.32018690564560526,skipped,
llmrouter_generic__test__openbook_qa,llmrouter_generic,test,openbook_qa,ok,500,18,True,4.898132599999995e-06,4.8957e-06,0.0004968850215484547,0.998,0.922668984731011,0.075331015268989,skipped,
llmrouter_generic__test__squad,llmrouter_generic,test,squad,ok,50,18,True,6.156572e-05,5.62306e-05,0.09487930059433813,0.4063025888437754,,,skipped,
timeseries__train__anomaly-detection,timeseries,train,anomaly-detection,ok,103,18,True,0.00017138476765010842,0.00017454854368932038,-0.01812547943592802,0.970873786407767,0.5474266803809497,0.42344710602681734,skipped,
timeseries__train__causality-analysis,timeseries,train,causality-analysis,ok,50,18,True,0.00024626276,0.000248708,-0.009831770590411126,0.96,0.48349356174485214,0.4765064382551478,skipped,
timeseries__train__event-prediction,timeseries,train,event-prediction,ok,288,18,True,0.0001785337407166281,0.00017243503472222222,0.03536813736390843,1.0,0.5301895790342848,0.46981042096571524,skipped,
timeseries__train__inductive-reasoning,timeseries,train,inductive-reasoning,ok,80,18,True,0.0002729261546875,0.000260194125,0.04893281002213258,0.9875,0.3138524135855434,0.6736475864144567,skipped,
timeseries__train__noise-understanding,timeseries,train,noise-understanding,ok,69,18,True,0.00013039859273261922,0.00011233188405797101,0.16083330949318483,1.0,0.5701962526044315,0.4298037473955685,skipped,
timeseries__train__pattern-recognition,timeseries,train,pattern-recognition,ok,296,18,True,9.353343932615048e-05,9.141797297297296e-05,0.023140595709805718,0.9763513513513513,0.6446085340560782,0.3317428172952731,skipped,
timeseries__train__similarity-analysis,timeseries,train,similarity-analysis,ok,90,18,True,0.00026235057654320983,0.00026442466666666667,-0.007843784581834932,0.9666666666666667,0.6700319794513415,0.29663468721532515,skipped,
timeseries__test__anomaly-detection,timeseries,test,anomaly-detection,ok,14,18,True,0.00021670535714285712,0.00020215357142857143,0.07198381711216711,1.0,0.6783142927384841,0.3216857072615159,skipped,
timeseries__test__event-prediction,timeseries,test,event-prediction,ok,36,18,True,0.00018455396604938275,0.00018498277777777777,-0.0023181170352526434,1.0,0.528663452955346,0.471336547044654,skipped,
timeseries__test__inductive-reasoning,timeseries,test,inductive-reasoning,ok,10,18,True,0.00027961650000000006,0.00025252499999999997,0.10728244728244765,1.0,0.39250781143866326,0.6074921885613367,skipped,
timeseries__test__noise-understanding,timeseries,test,noise-understanding,ok,10,18,True,9.234050000000001e-05,8.604500000000001e-05,0.07316520425358825,1.0,0.541193391961864,0.458806608038136,skipped,
timeseries__test__pattern-recognition,timeseries,test,pattern-recognition,ok,38,18,True,7.16338296398892e-05,7.105131578947368e-05,0.008198494903901855,0.9736842105263158,,,skipped,
timeseries__test__similarity-analysis,timeseries,test,similarity-analysis,ok,12,18,True,0.0005330819444444444,0.0005636583333333334,-0.05424631745984814,1.0,0.7668492989524667,0.23315070104753333,skipped,
video__train__charades_ego_activity,video,train,charades_ego_activity,ok,67,18,True,1.9171753174426367e-05,1.9115671641791045e-05,0.002933798701203685,0.07462686567164178,0.004373093543660655,0.07025377212798113,skipped,
video__train__charades_ego_object,video,train,charades_ego_object,ok,67,18,True,3.311899309423034e-05,3.559522388059701e-05,-0.06956637763181664,0.31343283582089554,0.1845659779202793,0.12886685790061625,skipped,
video__train__charades_ego_verb,video,train,charades_ego_verb,ok,67,18,True,2.8708866117175315e-05,2.777985074626866e-05,0.033442057676693594,0.29850746268656714,0.15251829639975445,0.1459891662868127,skipped,
